i7_name,Index 5'-3' Sequence,Barcode,Sequence
GTseq_001,CGTGAT,ATCACG,CAAGCAGAAGACGGCATACGAGATCGTGATGTGACTGGAGTTCAGACGTGTGCTCTTCCGATCT
GTseq_002,ACATCG,CGATGT,CAAGCAGAAGACGGCATACGAGATACATCGGTGACTGGAGTTCAGACGTGTGCTCTTCCGATCT
GTseq_003,GCCTAA,TTAGGC,CAAGCAGAAGACGGCATACGAGATGCCTAAGTGACTGGAGTTCAGACGTGTGCTCTTCCGATCT
GTseq_004,TGGTCA,TGACCA,CAAGCAGAAGACGGCATACGAGATTGGTCAGTGACTGGAGTTCAGACGTGTGCTCTTCCGATCT
GTseq_005,CACTGT,ACAGTG,CAAGCAGAAGACGGCATACGAGATCACTGTGTGACTGGAGTTCAGACGTGTGCTCTTCCGATCT
GTseq_006,ATTGGC,GCCAAT,CAAGCAGAAGACGGCATACGAGATATTGGCGTGACTGGAGTTCAGACGTGTGCTCTTCCGATCT
GTseq_007,GATCTG,CAGATC,CAAGCAGAAGACGGCATACGAGATGATCTGGTGACTGGAGTTCAGACGTGTGCTCTTCCGATCT
GTseq_008,TCAAGT,ACTTGA,CAAGCAGAAGACGGCATACGAGATTCAAGTGTGACTGGAGTTCAGACGTGTGCTCTTCCGATCT
GTseq_009,CTGATC,GATCAG,CAAGCAGAAGACGGCATACGAGATCTGATCGTGACTGGAGTTCAGACGTGTGCTCTTCCGATCT
GTseq_010,AAGCTA,TAGCTT,CAAGCAGAAGACGGCATACGAGATAAGCTAGTGACTGGAGTTCAGACGTGTGCTCTTCCGATCT
GTseq_011,GTAGCC,GGCTAC,CAAGCAGAAGACGGCATACGAGATGTAGCCGTGACTGGAGTTCAGACGTGTGCTCTTCCGATCT
GTseq_012,TACAAG,CTTGTA,CAAGCAGAAGACGGCATACGAGATTACAAGGTGACTGGAGTTCAGACGTGTGCTCTTCCGATCT
GTseq_013,TTATCC,GGATAA,CAAGCAGAAGACGGCATACGAGATTTATCCGTGACTGGAGTTCAGACGTGTGCTCTTCCGATCT
GTseq_014,CAGCTC,GAGCTG,CAAGCAGAAGACGGCATACGAGATCAGCTCGTGACTGGAGTTCAGACGTGTGCTCTTCCGATCT
GTseq_015,ACAGTA,TACTGT,CAAGCAGAAGACGGCATACGAGATACAGTAGTGACTGGAGTTCAGACGTGTGCTCTTCCGATCT
GTseq_016,GCTGGC,GCCAGC,CAAGCAGAAGACGGCATACGAGATGCTGGCGTGACTGGAGTTCAGACGTGTGCTCTTCCGATCT
GTseq_017,GATGAG,CTCATC,CAAGCAGAAGACGGCATACGAGATGATGAGGTGACTGGAGTTCAGACGTGTGCTCTTCCGATCT
GTseq_018,AGCATA,TATGCT,CAAGCAGAAGACGGCATACGAGATAGCATAGTGACTGGAGTTCAGACGTGTGCTCTTCCGATCT
GTseq_019,CGACTG,CAGTCG,CAAGCAGAAGACGGCATACGAGATCGACTGGTGACTGGAGTTCAGACGTGTGCTCTTCCGATCT
GTseq_020,CCTGAC,GTCAGG,CAAGCAGAAGACGGCATACGAGATCCTGACGTGACTGGAGTTCAGACGTGTGCTCTTCCGATCT
GTseq_021,GGCGAA,TTCGCC,CAAGCAGAAGACGGCATACGAGATGGCGAAGTGACTGGAGTTCAGACGTGTGCTCTTCCGATCT
GTseq_022,CGGCCG,CGGCCG,CAAGCAGAAGACGGCATACGAGATCGGCCGGTGACTGGAGTTCAGACGTGTGCTCTTCCGATCT
GTseq_023,ACTGGA,TCCAGT,CAAGCAGAAGACGGCATACGAGATACTGGAGTGACTGGAGTTCAGACGTGTGCTCTTCCGATCT
GTseq_024,AGCCTC,GAGGCT,CAAGCAGAAGACGGCATACGAGATAGCCTCGTGACTGGAGTTCAGACGTGTGCTCTTCCGATCT
GTseq_025,TTCCTG,CAGGAA,CAAGCAGAAGACGGCATACGAGATTTCCTGGTGACTGGAGTTCAGACGTGTGCTCTTCCGATCT
GTseq_026,AATTTG,CAAATT,CAAGCAGAAGACGGCATACGAGATAATTTGGTGACTGGAGTTCAGACGTGTGCTCTTCCGATCT
GTseq_027,GGTTTG,CAAACC,CAAGCAGAAGACGGCATACGAGATGGTTTGGTGACTGGAGTTCAGACGTGTGCTCTTCCGATCT
GTseq_028,TATCAG,CTGATA,CAAGCAGAAGACGGCATACGAGATTATCAGGTGACTGGAGTTCAGACGTGTGCTCTTCCGATCT
GTseq_029,ACGTAT,ATACGT,CAAGCAGAAGACGGCATACGAGATACGTATGTGACTGGAGTTCAGACGTGTGCTCTTCCGATCT
GTseq_030,GTACCT,AGGTAC,CAAGCAGAAGACGGCATACGAGATGTACCTGTGACTGGAGTTCAGACGTGTGCTCTTCCGATCT
GTseq_031,AAGTTT,AAACTT,CAAGCAGAAGACGGCATACGAGATAAGTTTGTGACTGGAGTTCAGACGTGTGCTCTTCCGATCT
GTseq_032,AACAAC,GTTGTT,CAAGCAGAAGACGGCATACGAGATAACAACGTGACTGGAGTTCAGACGTGTGCTCTTCCGATCT
GTseq_033,CTACAA,TTGTAG,CAAGCAGAAGACGGCATACGAGATCTACAAGTGACTGGAGTTCAGACGTGTGCTCTTCCGATCT
GTseq_034,ATGCCA,TGGCAT,CAAGCAGAAGACGGCATACGAGATATGCCAGTGACTGGAGTTCAGACGTGTGCTCTTCCGATCT
GTseq_035,AAGTGC,GCACTT,CAAGCAGAAGACGGCATACGAGATAAGTGCGTGACTGGAGTTCAGACGTGTGCTCTTCCGATCT
GTseq_036,CATCCG,CGGATG,CAAGCAGAAGACGGCATACGAGATCATCCGGTGACTGGAGTTCAGACGTGTGCTCTTCCGATCT
GTseq_037,GACATT,AATGTC,CAAGCAGAAGACGGCATACGAGATGACATTGTGACTGGAGTTCAGACGTGTGCTCTTCCGATCT
GTseq_038,TAAGTT,AACTTA,CAAGCAGAAGACGGCATACGAGATTAAGTTGTGACTGGAGTTCAGACGTGTGCTCTTCCGATCT
GTseq_039,TCCGGT,ACCGGA,CAAGCAGAAGACGGCATACGAGATTCCGGTGTGACTGGAGTTCAGACGTGTGCTCTTCCGATCT
GTseq_040,GCAAAG,CTTTGC,CAAGCAGAAGACGGCATACGAGATGCAAAGGTGACTGGAGTTCAGACGTGTGCTCTTCCGATCT
GTseq_041,CAATCC,GGATTG,CAAGCAGAAGACGGCATACGAGATCAATCCGTGACTGGAGTTCAGACGTGTGCTCTTCCGATCT
GTseq_042,CTTCGT,ACGAAG,CAAGCAGAAGACGGCATACGAGATCTTCGTGTGACTGGAGTTCAGACGTGTGCTCTTCCGATCT
GTseq_043,GTGCTT,AAGCAC,CAAGCAGAAGACGGCATACGAGATGTGCTTGTGACTGGAGTTCAGACGTGTGCTCTTCCGATCT
GTseq_044,TTGCTC,GAGCAA,CAAGCAGAAGACGGCATACGAGATTTGCTCGTGACTGGAGTTCAGACGTGTGCTCTTCCGATCT
GTseq_045,AACCTG,CAGGTT,CAAGCAGAAGACGGCATACGAGATAACCTGGTGACTGGAGTTCAGACGTGTGCTCTTCCGATCT
GTseq_046,ATACGG,CCGTAT,CAAGCAGAAGACGGCATACGAGATATACGGGTGACTGGAGTTCAGACGTGTGCTCTTCCGATCT
GTseq_047,CTGAAA,TTTCAG,CAAGCAGAAGACGGCATACGAGATCTGAAAGTGACTGGAGTTCAGACGTGTGCTCTTCCGATCT
GTseq_048,CAACCA,TGGTTG,CAAGCAGAAGACGGCATACGAGATCAACCAGTGACTGGAGTTCAGACGTGTGCTCTTCCGATCT
GTseq_049,CCCTGG,CCAGGG,CAAGCAGAAGACGGCATACGAGATCCCTGGGTGACTGGAGTTCAGACGTGTGCTCTTCCGATCT
GTseq_050,CGAGCC,GGCTCG,CAAGCAGAAGACGGCATACGAGATCGAGCCGTGACTGGAGTTCAGACGTGTGCTCTTCCGATCT
GTseq_051,ATACTC,GAGTAT,CAAGCAGAAGACGGCATACGAGATATACTCGTGACTGGAGTTCAGACGTGTGCTCTTCCGATCT
GTseq_052,TGTTCT,AGAACA,CAAGCAGAAGACGGCATACGAGATTGTTCTGTGACTGGAGTTCAGACGTGTGCTCTTCCGATCT
GTseq_053,GCAGTT,AACTGC,CAAGCAGAAGACGGCATACGAGATGCAGTTGTGACTGGAGTTCAGACGTGTGCTCTTCCGATCT
GTseq_054,GTTTTC,GAAAAC,CAAGCAGAAGACGGCATACGAGATGTTTTCGTGACTGGAGTTCAGACGTGTGCTCTTCCGATCT
GTseq_055,AATTGA,TCAATT,CAAGCAGAAGACGGCATACGAGATAATTGAGTGACTGGAGTTCAGACGTGTGCTCTTCCGATCT
GTseq_056,TAACAC,GTGTTA,CAAGCAGAAGACGGCATACGAGATTAACACGTGACTGGAGTTCAGACGTGTGCTCTTCCGATCT
GTseq_057,GGTATC,GATACC,CAAGCAGAAGACGGCATACGAGATGGTATCGTGACTGGAGTTCAGACGTGTGCTCTTCCGATCT
GTseq_058,GTTTGA,TCAAAC,CAAGCAGAAGACGGCATACGAGATGTTTGAGTGACTGGAGTTCAGACGTGTGCTCTTCCGATCT
GTseq_059,ACGCTC,GAGCGT,CAAGCAGAAGACGGCATACGAGATACGCTCGTGACTGGAGTTCAGACGTGTGCTCTTCCGATCT
GTseq_060,AGGACC,GGTCCT,CAAGCAGAAGACGGCATACGAGATAGGACCGTGACTGGAGTTCAGACGTGTGCTCTTCCGATCT
GTseq_061,GTTACC,GGTAAC,CAAGCAGAAGACGGCATACGAGATGTTACCGTGACTGGAGTTCAGACGTGTGCTCTTCCGATCT
GTseq_062,AGTTCC,GGAACT,CAAGCAGAAGACGGCATACGAGATAGTTCCGTGACTGGAGTTCAGACGTGTGCTCTTCCGATCT
GTseq_063,GAGCCG,CGGCTC,CAAGCAGAAGACGGCATACGAGATGAGCCGGTGACTGGAGTTCAGACGTGTGCTCTTCCGATCT
GTseq_064,TGGCAT,ATGCCA,CAAGCAGAAGACGGCATACGAGATTGGCATGTGACTGGAGTTCAGACGTGTGCTCTTCCGATCT
GTseq_065,ACACCA,TGGTGT,CAAGCAGAAGACGGCATACGAGATACACCAGTGACTGGAGTTCAGACGTGTGCTCTTCCGATCT
GTseq_066,ATCGTG,CACGAT,CAAGCAGAAGACGGCATACGAGATATCGTGGTGACTGGAGTTCAGACGTGTGCTCTTCCGATCT
GTseq_067,GCAATA,TATTGC,CAAGCAGAAGACGGCATACGAGATGCAATAGTGACTGGAGTTCAGACGTGTGCTCTTCCGATCT
GTseq_068,CCTCAT,ATGAGG,CAAGCAGAAGACGGCATACGAGATCCTCATGTGACTGGAGTTCAGACGTGTGCTCTTCCGATCT
GTseq_069,TGCAGA,TCTGCA,CAAGCAGAAGACGGCATACGAGATTGCAGAGTGACTGGAGTTCAGACGTGTGCTCTTCCGATCT
GTseq_070,TATCCA,TGGATA,CAAGCAGAAGACGGCATACGAGATTATCCAGTGACTGGAGTTCAGACGTGTGCTCTTCCGATCT
GTseq_071,AGGTTG,CAACCT,CAAGCAGAAGACGGCATACGAGATAGGTTGGTGACTGGAGTTCAGACGTGTGCTCTTCCGATCT
GTseq_072,CAGAAC,GTTCTG,CAAGCAGAAGACGGCATACGAGATCAGAACGTGACTGGAGTTCAGACGTGTGCTCTTCCGATCT
GTseq_073,CGATGT,ACATCG,CAAGCAGAAGACGGCATACGAGATCGATGTGTGACTGGAGTTCAGACGTGTGCTCTTCCGATCT
GTseq_074,TCTTTT,AAAAGA,CAAGCAGAAGACGGCATACGAGATTCTTTTGTGACTGGAGTTCAGACGTGTGCTCTTCCGATCT
GTseq_075,AGACTT,AAGTCT,CAAGCAGAAGACGGCATACGAGATAGACTTGTGACTGGAGTTCAGACGTGTGCTCTTCCGATCT
GTseq_076,AGTACG,CGTACT,CAAGCAGAAGACGGCATACGAGATAGTACGGTGACTGGAGTTCAGACGTGTGCTCTTCCGATCT
GTseq_077,CGGGAG,CTCCCG,CAAGCAGAAGACGGCATACGAGATCGGGAGGTGACTGGAGTTCAGACGTGTGCTCTTCCGATCT
GTseq_078,AAACAA,TTGTTT,CAAGCAGAAGACGGCATACGAGATAAACAAGTGACTGGAGTTCAGACGTGTGCTCTTCCGATCT
GTseq_079,TCTTCA,TGAAGA,CAAGCAGAAGACGGCATACGAGATTCTTCAGTGACTGGAGTTCAGACGTGTGCTCTTCCGATCT
GTseq_080,CGAAGA,TCTTCG,CAAGCAGAAGACGGCATACGAGATCGAAGAGTGACTGGAGTTCAGACGTGTGCTCTTCCGATCT
GTseq_081,AGATGG,CCATCT,CAAGCAGAAGACGGCATACGAGATAGATGGGTGACTGGAGTTCAGACGTGTGCTCTTCCGATCT
GTseq_082,TTCGTC,GACGAA,CAAGCAGAAGACGGCATACGAGATTTCGTCGTGACTGGAGTTCAGACGTGTGCTCTTCCGATCT
GTseq_083,ACTCTA,TAGAGT,CAAGCAGAAGACGGCATACGAGATACTCTAGTGACTGGAGTTCAGACGTGTGCTCTTCCGATCT
GTseq_084,ATAACA,TGTTAT,CAAGCAGAAGACGGCATACGAGATATAACAGTGACTGGAGTTCAGACGTGTGCTCTTCCGATCT
GTseq_085,GGTTCA,TGAACC,CAAGCAGAAGACGGCATACGAGATGGTTCAGTGACTGGAGTTCAGACGTGTGCTCTTCCGATCT
GTseq_086,CCTGCA,TGCAGG,CAAGCAGAAGACGGCATACGAGATCCTGCAGTGACTGGAGTTCAGACGTGTGCTCTTCCGATCT
GTseq_087,CTTTAT,ATAAAG,CAAGCAGAAGACGGCATACGAGATCTTTATGTGACTGGAGTTCAGACGTGTGCTCTTCCGATCT
GTseq_088,TGGGAG,CTCCCA,CAAGCAGAAGACGGCATACGAGATTGGGAGGTGACTGGAGTTCAGACGTGTGCTCTTCCGATCT
GTseq_089,CCCGGA,TCCGGG,CAAGCAGAAGACGGCATACGAGATCCCGGAGTGACTGGAGTTCAGACGTGTGCTCTTCCGATCT
GTseq_090,CAATTT,AAATTG,CAAGCAGAAGACGGCATACGAGATCAATTTGTGACTGGAGTTCAGACGTGTGCTCTTCCGATCT
GTseq_091,GACCCA,TGGGTC,CAAGCAGAAGACGGCATACGAGATGACCCAGTGACTGGAGTTCAGACGTGTGCTCTTCCGATCT
GTseq_092,CGCACA,TGTGCG,CAAGCAGAAGACGGCATACGAGATCGCACAGTGACTGGAGTTCAGACGTGTGCTCTTCCGATCT
GTseq_093,CACAGG,CCTGTG,CAAGCAGAAGACGGCATACGAGATCACAGGGTGACTGGAGTTCAGACGTGTGCTCTTCCGATCT
GTseq_094,TGCCCC,GGGGCA,CAAGCAGAAGACGGCATACGAGATTGCCCCGTGACTGGAGTTCAGACGTGTGCTCTTCCGATCT
GTseq_095,GGGTGG,CCACCC,CAAGCAGAAGACGGCATACGAGATGGGTGGGTGACTGGAGTTCAGACGTGTGCTCTTCCGATCT
GTseq_096,TAATGC,GCATTA,CAAGCAGAAGACGGCATACGAGATTAATGCGTGACTGGAGTTCAGACGTGTGCTCTTCCGATCT
GTseq_097,TCACAT,ATGTGA,CAAGCAGAAGACGGCATACGAGATTCACATGTGACTGGAGTTCAGACGTGTGCTCTTCCGATCT
GTseq_098,ACCTCA,TGAGGT,CAAGCAGAAGACGGCATACGAGATACCTCAGTGACTGGAGTTCAGACGTGTGCTCTTCCGATCT
GTseq_099,GTTTCG,CGAAAC,CAAGCAGAAGACGGCATACGAGATGTTTCGGTGACTGGAGTTCAGACGTGTGCTCTTCCGATCT
GTseq_100,CCCATA,TATGGG,CAAGCAGAAGACGGCATACGAGATCCCATAGTGACTGGAGTTCAGACGTGTGCTCTTCCGATCT
GTseq_101,TCGAGA,TCTCGA,CAAGCAGAAGACGGCATACGAGATTCGAGAGTGACTGGAGTTCAGACGTGTGCTCTTCCGATCT
GTseq_102,GGATTA,TAATCC,CAAGCAGAAGACGGCATACGAGATGGATTAGTGACTGGAGTTCAGACGTGTGCTCTTCCGATCT
GTseq_103,CCAGGC,GCCTGG,CAAGCAGAAGACGGCATACGAGATCCAGGCGTGACTGGAGTTCAGACGTGTGCTCTTCCGATCT
GTseq_104,TCCTGC,GCAGGA,CAAGCAGAAGACGGCATACGAGATTCCTGCGTGACTGGAGTTCAGACGTGTGCTCTTCCGATCT
GTseq_105,CGTCAG,CTGACG,CAAGCAGAAGACGGCATACGAGATCGTCAGGTGACTGGAGTTCAGACGTGTGCTCTTCCGATCT
GTseq_106,TATGAC,GTCATA,CAAGCAGAAGACGGCATACGAGATTATGACGTGACTGGAGTTCAGACGTGTGCTCTTCCGATCT
GTseq_107,CCCACT,AGTGGG,CAAGCAGAAGACGGCATACGAGATCCCACTGTGACTGGAGTTCAGACGTGTGCTCTTCCGATCT
GTseq_108,TGCTAG,CTAGCA,CAAGCAGAAGACGGCATACGAGATTGCTAGGTGACTGGAGTTCAGACGTGTGCTCTTCCGATCT
GTseq_109,GAAGAT,ATCTTC,CAAGCAGAAGACGGCATACGAGATGAAGATGTGACTGGAGTTCAGACGTGTGCTCTTCCGATCT
GTseq_110,CTAATT,AATTAG,CAAGCAGAAGACGGCATACGAGATCTAATTGTGACTGGAGTTCAGACGTGTGCTCTTCCGATCT
GTseq_111,GTTGTA,TACAAC,CAAGCAGAAGACGGCATACGAGATGTTGTAGTGACTGGAGTTCAGACGTGTGCTCTTCCGATCT
GTseq_112,TTCGGA,TCCGAA,CAAGCAGAAGACGGCATACGAGATTTCGGAGTGACTGGAGTTCAGACGTGTGCTCTTCCGATCT
GTseq_113,ATCCAA,TTGGAT,CAAGCAGAAGACGGCATACGAGATATCCAAGTGACTGGAGTTCAGACGTGTGCTCTTCCGATCT
GTseq_114,GATAAC,GTTATC,CAAGCAGAAGACGGCATACGAGATGATAACGTGACTGGAGTTCAGACGTGTGCTCTTCCGATCT
GTseq_115,TCGCGG,CCGCGA,CAAGCAGAAGACGGCATACGAGATTCGCGGGTGACTGGAGTTCAGACGTGTGCTCTTCCGATCT
GTseq_116,TGTCTT,AAGACA,CAAGCAGAAGACGGCATACGAGATTGTCTTGTGACTGGAGTTCAGACGTGTGCTCTTCCGATCT
GTseq_117,CATCGA,TCGATG,CAAGCAGAAGACGGCATACGAGATCATCGAGTGACTGGAGTTCAGACGTGTGCTCTTCCGATCT
GTseq_118,AGCCCG,CGGGCT,CAAGCAGAAGACGGCATACGAGATAGCCCGGTGACTGGAGTTCAGACGTGTGCTCTTCCGATCT
GTseq_119,ATTAGT,ACTAAT,CAAGCAGAAGACGGCATACGAGATATTAGTGTGACTGGAGTTCAGACGTGTGCTCTTCCGATCT
GTseq_120,CTGGTG,CACCAG,CAAGCAGAAGACGGCATACGAGATCTGGTGGTGACTGGAGTTCAGACGTGTGCTCTTCCGATCT
GTseq_121,GTCGTT,AACGAC,CAAGCAGAAGACGGCATACGAGATGTCGTTGTGACTGGAGTTCAGACGTGTGCTCTTCCGATCT
GTseq_122,CATTTA,TAAATG,CAAGCAGAAGACGGCATACGAGATCATTTAGTGACTGGAGTTCAGACGTGTGCTCTTCCGATCT
GTseq_123,TTCTGG,CCAGAA,CAAGCAGAAGACGGCATACGAGATTTCTGGGTGACTGGAGTTCAGACGTGTGCTCTTCCGATCT
GTseq_124,TGGTGT,ACACCA,CAAGCAGAAGACGGCATACGAGATTGGTGTGTGACTGGAGTTCAGACGTGTGCTCTTCCGATCT
GTseq_125,GCCCAT,ATGGGC,CAAGCAGAAGACGGCATACGAGATGCCCATGTGACTGGAGTTCAGACGTGTGCTCTTCCGATCT
GTseq_126,TTGCAA,TTGCAA,CAAGCAGAAGACGGCATACGAGATTTGCAAGTGACTGGAGTTCAGACGTGTGCTCTTCCGATCT
GTseq_127,ACCGGC,GCCGGT,CAAGCAGAAGACGGCATACGAGATACCGGCGTGACTGGAGTTCAGACGTGTGCTCTTCCGATCT
GTseq_128,ACCCGA,TCGGGT,CAAGCAGAAGACGGCATACGAGATACCCGAGTGACTGGAGTTCAGACGTGTGCTCTTCCGATCT
GTseq_129,TAGAGG,CCTCTA,CAAGCAGAAGACGGCATACGAGATTAGAGGGTGACTGGAGTTCAGACGTGTGCTCTTCCGATCT
GTseq_130,ACGACA,TGTCGT,CAAGCAGAAGACGGCATACGAGATACGACAGTGACTGGAGTTCAGACGTGTGCTCTTCCGATCT
GTseq_131,ACGCAA,TTGCGT,CAAGCAGAAGACGGCATACGAGATACGCAAGTGACTGGAGTTCAGACGTGTGCTCTTCCGATCT
GTseq_132,CCATTC,GAATGG,CAAGCAGAAGACGGCATACGAGATCCATTCGTGACTGGAGTTCAGACGTGTGCTCTTCCGATCT
GTseq_133,TAAGAG,CTCTTA,CAAGCAGAAGACGGCATACGAGATTAAGAGGTGACTGGAGTTCAGACGTGTGCTCTTCCGATCT
GTseq_134,GCGGTG,CACCGC,CAAGCAGAAGACGGCATACGAGATGCGGTGGTGACTGGAGTTCAGACGTGTGCTCTTCCGATCT
GTseq_135,AGGAGT,ACTCCT,CAAGCAGAAGACGGCATACGAGATAGGAGTGTGACTGGAGTTCAGACGTGTGCTCTTCCGATCT
GTseq_136,TCAGGA,TCCTGA,CAAGCAGAAGACGGCATACGAGATTCAGGAGTGACTGGAGTTCAGACGTGTGCTCTTCCGATCT
GTseq_137,CTGGAT,ATCCAG,CAAGCAGAAGACGGCATACGAGATCTGGATGTGACTGGAGTTCAGACGTGTGCTCTTCCGATCT
GTseq_138,CTTATG,CATAAG,CAAGCAGAAGACGGCATACGAGATCTTATGGTGACTGGAGTTCAGACGTGTGCTCTTCCGATCT
GTseq_139,GTCATG,CATGAC,CAAGCAGAAGACGGCATACGAGATGTCATGGTGACTGGAGTTCAGACGTGTGCTCTTCCGATCT
GTseq_140,TTTCGG,CCGAAA,CAAGCAGAAGACGGCATACGAGATTTTCGGGTGACTGGAGTTCAGACGTGTGCTCTTCCGATCT
GTseq_141,TAGCTT,AAGCTA,CAAGCAGAAGACGGCATACGAGATTAGCTTGTGACTGGAGTTCAGACGTGTGCTCTTCCGATCT
GTseq_142,AACGCG,CGCGTT,CAAGCAGAAGACGGCATACGAGATAACGCGGTGACTGGAGTTCAGACGTGTGCTCTTCCGATCT
GTseq_143,TTATTG,CAATAA,CAAGCAGAAGACGGCATACGAGATTTATTGGTGACTGGAGTTCAGACGTGTGCTCTTCCGATCT
GTseq_144,CCTATT,AATAGG,CAAGCAGAAGACGGCATACGAGATCCTATTGTGACTGGAGTTCAGACGTGTGCTCTTCCGATCT
GTseq_145,CAGGGC,GCCCTG,CAAGCAGAAGACGGCATACGAGATCAGGGCGTGACTGGAGTTCAGACGTGTGCTCTTCCGATCT
GTseq_146,TTAATC,GATTAA,CAAGCAGAAGACGGCATACGAGATTTAATCGTGACTGGAGTTCAGACGTGTGCTCTTCCGATCT
GTseq_147,CCTAAG,CTTAGG,CAAGCAGAAGACGGCATACGAGATCCTAAGGTGACTGGAGTTCAGACGTGTGCTCTTCCGATCT
GTseq_148,AGGCCT,AGGCCT,CAAGCAGAAGACGGCATACGAGATAGGCCTGTGACTGGAGTTCAGACGTGTGCTCTTCCGATCT
GTseq_149,CTCAGT,ACTGAG,CAAGCAGAAGACGGCATACGAGATCTCAGTGTGACTGGAGTTCAGACGTGTGCTCTTCCGATCT
GTseq_150,CGGATG,CATCCG,CAAGCAGAAGACGGCATACGAGATCGGATGGTGACTGGAGTTCAGACGTGTGCTCTTCCGATCT
GTseq_151,CTGACG,CGTCAG,CAAGCAGAAGACGGCATACGAGATCTGACGGTGACTGGAGTTCAGACGTGTGCTCTTCCGATCT
GTseq_152,GAAACG,CGTTTC,CAAGCAGAAGACGGCATACGAGATGAAACGGTGACTGGAGTTCAGACGTGTGCTCTTCCGATCT
GTseq_153,CTGTAC,GTACAG,CAAGCAGAAGACGGCATACGAGATCTGTACGTGACTGGAGTTCAGACGTGTGCTCTTCCGATCT
GTseq_154,CTACGC,GCGTAG,CAAGCAGAAGACGGCATACGAGATCTACGCGTGACTGGAGTTCAGACGTGTGCTCTTCCGATCT
GTseq_155,AGGGAT,ATCCCT,CAAGCAGAAGACGGCATACGAGATAGGGATGTGACTGGAGTTCAGACGTGTGCTCTTCCGATCT
GTseq_156,TGGAAA,TTTCCA,CAAGCAGAAGACGGCATACGAGATTGGAAAGTGACTGGAGTTCAGACGTGTGCTCTTCCGATCT
GTseq_157,CTCGGG,CCCGAG,CAAGCAGAAGACGGCATACGAGATCTCGGGGTGACTGGAGTTCAGACGTGTGCTCTTCCGATCT
GTseq_158,CACGAC,GTCGTG,CAAGCAGAAGACGGCATACGAGATCACGACGTGACTGGAGTTCAGACGTGTGCTCTTCCGATCT
GTseq_159,GAGATC,GATCTC,CAAGCAGAAGACGGCATACGAGATGAGATCGTGACTGGAGTTCAGACGTGTGCTCTTCCGATCT
GTseq_160,ATAGAC,GTCTAT,CAAGCAGAAGACGGCATACGAGATATAGACGTGACTGGAGTTCAGACGTGTGCTCTTCCGATCT
GTseq_161,TGTGAA,TTCACA,CAAGCAGAAGACGGCATACGAGATTGTGAAGTGACTGGAGTTCAGACGTGTGCTCTTCCGATCT
GTseq_162,TGTATA,TATACA,CAAGCAGAAGACGGCATACGAGATTGTATAGTGACTGGAGTTCAGACGTGTGCTCTTCCGATCT
GTseq_163,TGATAT,ATATCA,CAAGCAGAAGACGGCATACGAGATTGATATGTGACTGGAGTTCAGACGTGTGCTCTTCCGATCT
GTseq_164,AACTAG,CTAGTT,CAAGCAGAAGACGGCATACGAGATAACTAGGTGACTGGAGTTCAGACGTGTGCTCTTCCGATCT
GTseq_165,GTGAGA,TCTCAC,CAAGCAGAAGACGGCATACGAGATGTGAGAGTGACTGGAGTTCAGACGTGTGCTCTTCCGATCT
GTseq_166,GTAAAA,TTTTAC,CAAGCAGAAGACGGCATACGAGATGTAAAAGTGACTGGAGTTCAGACGTGTGCTCTTCCGATCT
GTseq_167,GCGCCA,TGGCGC,CAAGCAGAAGACGGCATACGAGATGCGCCAGTGACTGGAGTTCAGACGTGTGCTCTTCCGATCT
GTseq_168,GCATCT,AGATGC,CAAGCAGAAGACGGCATACGAGATGCATCTGTGACTGGAGTTCAGACGTGTGCTCTTCCGATCT
GTseq_169,TCCACG,CGTGGA,CAAGCAGAAGACGGCATACGAGATTCCACGGTGACTGGAGTTCAGACGTGTGCTCTTCCGATCT
GTseq_170,TATATG,CATATA,CAAGCAGAAGACGGCATACGAGATTATATGGTGACTGGAGTTCAGACGTGTGCTCTTCCGATCT
GTseq_171,TAACCT,AGGTTA,CAAGCAGAAGACGGCATACGAGATTAACCTGTGACTGGAGTTCAGACGTGTGCTCTTCCGATCT
GTseq_172,AACGAA,TTCGTT,CAAGCAGAAGACGGCATACGAGATAACGAAGTGACTGGAGTTCAGACGTGTGCTCTTCCGATCT
GTseq_173,CTATCT,AGATAG,CAAGCAGAAGACGGCATACGAGATCTATCTGTGACTGGAGTTCAGACGTGTGCTCTTCCGATCT
GTseq_174,TTAAGA,TCTTAA,CAAGCAGAAGACGGCATACGAGATTTAAGAGTGACTGGAGTTCAGACGTGTGCTCTTCCGATCT
GTseq_175,AATCAT,ATGATT,CAAGCAGAAGACGGCATACGAGATAATCATGTGACTGGAGTTCAGACGTGTGCTCTTCCGATCT
GTseq_176,TGACTA,TAGTCA,CAAGCAGAAGACGGCATACGAGATTGACTAGTGACTGGAGTTCAGACGTGTGCTCTTCCGATCT
GTseq_177,GAAAGC,GCTTTC,CAAGCAGAAGACGGCATACGAGATGAAAGCGTGACTGGAGTTCAGACGTGTGCTCTTCCGATCT
GTseq_178,TACCTA,TAGGTA,CAAGCAGAAGACGGCATACGAGATTACCTAGTGACTGGAGTTCAGACGTGTGCTCTTCCGATCT
GTseq_179,AAACGT,ACGTTT,CAAGCAGAAGACGGCATACGAGATAAACGTGTGACTGGAGTTCAGACGTGTGCTCTTCCGATCT
GTseq_180,ACATTT,AAATGT,CAAGCAGAAGACGGCATACGAGATACATTTGTGACTGGAGTTCAGACGTGTGCTCTTCCGATCT
GTseq_181,CTCCCA,TGGGAG,CAAGCAGAAGACGGCATACGAGATCTCCCAGTGACTGGAGTTCAGACGTGTGCTCTTCCGATCT
GTseq_182,TCCAAT,ATTGGA,CAAGCAGAAGACGGCATACGAGATTCCAATGTGACTGGAGTTCAGACGTGTGCTCTTCCGATCT
GTseq_183,ACGGTT,AACCGT,CAAGCAGAAGACGGCATACGAGATACGGTTGTGACTGGAGTTCAGACGTGTGCTCTTCCGATCT
GTseq_184,CGCATC,GATGCG,CAAGCAGAAGACGGCATACGAGATCGCATCGTGACTGGAGTTCAGACGTGTGCTCTTCCGATCT
GTseq_185,ATCACG,CGTGAT,CAAGCAGAAGACGGCATACGAGATATCACGGTGACTGGAGTTCAGACGTGTGCTCTTCCGATCT
GTseq_186,TACTCA,TGAGTA,CAAGCAGAAGACGGCATACGAGATTACTCAGTGACTGGAGTTCAGACGTGTGCTCTTCCGATCT
GTseq_187,ACCTTG,CAAGGT,CAAGCAGAAGACGGCATACGAGATACCTTGGTGACTGGAGTTCAGACGTGTGCTCTTCCGATCT
GTseq_188,TTCGAG,CTCGAA,CAAGCAGAAGACGGCATACGAGATTTCGAGGTGACTGGAGTTCAGACGTGTGCTCTTCCGATCT
GTseq_189,GTGGAG,CTCCAC,CAAGCAGAAGACGGCATACGAGATGTGGAGGTGACTGGAGTTCAGACGTGTGCTCTTCCGATCT
GTseq_190,AAATAC,GTATTT,CAAGCAGAAGACGGCATACGAGATAAATACGTGACTGGAGTTCAGACGTGTGCTCTTCCGATCT
GTseq_191,CACGCA,TGCGTG,CAAGCAGAAGACGGCATACGAGATCACGCAGTGACTGGAGTTCAGACGTGTGCTCTTCCGATCT
GTseq_192,ATCGAT,ATCGAT,CAAGCAGAAGACGGCATACGAGATATCGATGTGACTGGAGTTCAGACGTGTGCTCTTCCGATCT
GTseq_193,CCTTGA,TCAAGG,CAAGCAGAAGACGGCATACGAGATCCTTGAGTGACTGGAGTTCAGACGTGTGCTCTTCCGATCT
GTseq_194,TGCGCA,TGCGCA,CAAGCAGAAGACGGCATACGAGATTGCGCAGTGACTGGAGTTCAGACGTGTGCTCTTCCGATCT
GTseq_195,AGAATG,CATTCT,CAAGCAGAAGACGGCATACGAGATAGAATGGTGACTGGAGTTCAGACGTGTGCTCTTCCGATCT
GTseq_196,CACCGC,GCGGTG,CAAGCAGAAGACGGCATACGAGATCACCGCGTGACTGGAGTTCAGACGTGTGCTCTTCCGATCT
GTseq_197,CGGAGC,GCTCCG,CAAGCAGAAGACGGCATACGAGATCGGAGCGTGACTGGAGTTCAGACGTGTGCTCTTCCGATCT
GTseq_198,CATTGG,CCAATG,CAAGCAGAAGACGGCATACGAGATCATTGGGTGACTGGAGTTCAGACGTGTGCTCTTCCGATCT
GTseq_199,ATTCCT,AGGAAT,CAAGCAGAAGACGGCATACGAGATATTCCTGTGACTGGAGTTCAGACGTGTGCTCTTCCGATCT
GTseq_200,GAGCAA,TTGCTC,CAAGCAGAAGACGGCATACGAGATGAGCAAGTGACTGGAGTTCAGACGTGTGCTCTTCCGATCT
GTseq_201,CGGGCA,TGCCCG,CAAGCAGAAGACGGCATACGAGATCGGGCAGTGACTGGAGTTCAGACGTGTGCTCTTCCGATCT