CHROM,segment,start,end,rank
XL,ChXL_group1a,"2,645,466","714,417",1
XL,ChXL_group1a,1,"714,416",2
XL,ChXL_group1e,1,"12,523,060",3
XL,ChXL_group1a,"5,357,217","9,151,669",4
XL,ChXL_group3a,"1,362,505",1,5
Ch4,Ch4_group4,"6,586,962","6,363,561",1
Ch4,Ch4_group4,"6,363,560",1,2
Ch4,Ch4_group1,"5,278,887","716,160",3
Ch4,Ch4_group5,1,"2,436,548",4
Ch4,Ch4_group1,1,"716,159",5
Ch4,Ch4_group2,"1,024,971","1,235,136",6
Ch4,Ch4_group3,1,"11,692,001",7
Ch4,Ch4_group2,"1,024,970",1,8
XR,ChXL_group3b,1,"386,183",1
XR,ChXL_group3a,"1,362,506","2,690,836",2
XR,ChXL_group1a,"5,357,216","2,645,467",3
XR,ChXR_group6,1,"13,314,419",4
XR,ChXR_group8,1,"3,598,432",5
XR,ChXR_group8,"9,212,921","3,598,433",6
XR,ChXR_group3a,"1,468,910",1,7
XR,ChXR_group5,"740,492",1,8
